blue_detuning_MHz,t_s,t_ms,P0,P1,P2
20.0,0.0,0.0,1.0,0.0,0.0
20.0,0.0025031289111389237,2.5031289111389237,0.9900386873985274,0.009960861173258024,4.5142821432754583e-07
20.0,0.0050062578222778474,5.006257822277847,0.9801790832189567,0.01982091757343837,-7.923958091552236e-10
20.0,0.007509386733416772,7.509386733416772,0.9704201489836559,0.02957984147402611,9.54231718923156e-09
20.0,0.010012515644555695,10.012515644555695,0.9607608568179392,0.03923860460978151,5.385722787866837e-07
20.0,0.012515644555694618,12.515644555694617,0.9512001893419625,0.048798714825623146,1.095832414546148e-06
20.0,0.015018773466833543,15.018773466833544,0.9417371395636003,0.058262044219299064,8.162171011304296e-07
20.0,0.017521902377972465,17.521902377972467,0.9323707107727469,0.06762906172856478,2.274986882113769e-07
20.0,0.02002503128911139,20.02503128911139,0.9230999164360909,0.0769000357823786,4.778152990462675e-08
20.0,0.022528160200250315,22.528160200250316,0.9139237800930752,0.08607566526282961,5.546440948061115e-07
20.0,0.025031289111389236,25.031289111389235,0.9048413352528846,0.09515787485340804,7.898937058195207e-07
20.0,0.02753441802252816,27.53441802252816,0.8958516252934433,0.10414598161859374,2.3930879616852804e-06
20.0,0.030037546933667086,30.037546933667088,0.8869537033591365,0.1130440523239666,2.2443168954461948e-06
20.0,0.03254067584480601,32.54067584480601,0.8781466322628557,0.12185230071195376,1.0670251888219299e-06
20.0,0.03504380475594493,35.04380475594493,0.8694294843867036,0.13056992263390887,5.929793865589961e-07
20.0,0.03754693366708386,37.546933667083856,0.8608013415837806,0.13919757211039865,1.0863058209579312e-06
20.0,0.04005006257822278,40.05006257822278,0.8522612950816251,0.14773665685185797,2.0480665165900495e-06
20.0,0.0425531914893617,42.5531914893617,0.8438084453864911,0.15618937781524148,2.176798265849101e-06
20.0,0.04505632040050063,45.05632040050063,0.8354419021890354,0.16455664243826412,1.4553726998785183e-06
20.0,0.04755944931163955,47.559449311639554,0.8271607842705253,0.17283812138224752,1.0943472261449899e-06
20.0,0.05006257822277847,50.06257822277847,0.8189642194093573,0.1810355385806863,2.420099552568015e-07
20.0,0.0525657071339174,52.5657071339174,0.8108513442904415,0.1891465486433916,2.1070661666728864e-06
20.0,0.05506883604505632,55.06883604505632,0.8028213044119132,0.1971762040761301,2.4915119549415645e-06
20.0,0.057571964956195244,57.571964956195245,0.7948732539975789,0.20512509404265905,1.6519597608887688e-06
20.0,0.06007509386733417,60.075093867334175,0.7870063559071001,0.21299284552933098,7.985635682946292e-07
20.0,0.0625782227784731,62.5782227784731,0.77921978154754,0.22077953174264783,6.867098117582608e-07
20.0,0.06508135168961202,65.08135168961202,0.771512710786077,0.22848573181121845,1.5574027049595634e-06
20.0,0.06758448060075094,67.58448060075094,0.7638843318635739,0.23611275860234224,2.909534085482761e-06
20.0,0.07008760951188986,70.08760951188987,0.7563338413090912,0.243662590389133,3.56830177593628e-06
20.0,0.0725907384230288,72.5907384230288,0.7488604438554152,0.25113716695592025,2.3891886650480808e-06
20.0,0.07509386733416772,75.09386733416771,0.7414633523558977,0.2585353766799676,1.2709641343917715e-06
20.0,0.07759699624530664,77.59699624530664,0.7341417877009346,0.2658561147141788,2.097584886189283e-06
20.0,0.08010012515644556,80.10012515644556,0.7268949787350696,0.27310231341851765,2.7078464131696195e-06
20.0,0.08260325406758448,82.60325406758449,0.7197221621770034,0.2802749372611463,2.9005618491866808e-06
20.0,0.0851063829787234,85.1063829787234,0.7126225825387866,0.28737504120679913,2.3762544132579403e-06
20.0,0.08760951188986232,87.60951188986232,0.7055954920464781,0.2944025929386173,1.9150149042906803e-06
20.0,0.09011264080100126,90.11264080100126,0.6986401505611056,0.3013578487968475,2.000642046567745e-06
20.0,0.09261576971214018,92.61576971214018,0.6917558255006756,0.308241537804221,2.636695103117323e-06
20.0,0.0951188986232791,95.11889862327911,0.6849417917630142,0.31505482224359094,3.385993394943135e-06
20.0,0.09762202753441802,97.62202753441802,0.6781973316493616,0.32179948389137936,3.1844592582699676e-06
20.0,0.10012515644555695,100.12515644555694,0.6715217347892393,0.3284756828550507,2.5823557094921365e-06
20.0,0.10262828535669587,102.62828535669587,0.6649142980653981,0.33508306205619415,2.639878406069088e-06
20.0,0.1051314142678348,105.1314142678348,0.6583743255392515,0.34162326456565906,2.4098950878329236e-06
20.0,0.10763454317897372,107.63454317897373,0.6519011283784386,0.34809569029162907,3.181329930436311e-06
20.0,0.11013767209011265,110.13767209011264,0.6454940247833505,0.3545020110243617,3.964192286632941e-06
20.0,0.11264080100125157,112.64080100125156,0.6391523399157357,0.3608441205726846,3.5395115796521242e-06
20.0,0.11514392991239049,115.14392991239049,0.6328754058281191,0.3671217139782839,2.8801935966133196e-06
20.0,0.11764705882352941,117.6470588235294,0.6266625613929612,0.3733346961710046,2.7424360344097347e-06
20.0,0.12015018773466835,120.15018773466835,0.6205131522329222,0.3794836296163314,3.218150747448181e-06
20.0,0.12265331664580727,122.65331664580727,0.614426530651976,0.3855695813060318,3.888041993145317e-06
20.0,0.1251564455569462,125.1564455569462,0.6084020555674856,0.391592689723699,5.2547088168585785e-06
20.0,0.1276595744680851,127.6595744680851,0.6024390924417794,0.39755653135941615,4.3761988060924696e-06
20.0,0.13016270337922403,130.16270337922404,0.5965370132168063,0.4034608879211079,2.0988620877531327e-06
20.0,0.13266583229036297,132.66583229036297,0.5906951962478549,0.40930236770941614,2.436042730918569e-06
20.0,0.13516896120150187,135.16896120150187,0.5849130262362396,0.41508336234300414,3.611420758515956e-06
20.0,0.1376720901126408,137.6720901126408,0.5791898941658953,0.4208052168336998,4.889000407278298e-06
20.0,0.14017521902377972,140.17521902377973,0.5735251972388714,0.4264699951677662,4.8075933653598026e-06
20.0,0.14267834793491865,142.67834793491866,0.5679183388123497,0.43207798037192724,3.6808157256981514e-06
20.0,0.1451814768460576,145.1814768460576,0.5623687283355326,0.4376290094668701,2.262197600113329e-06
20.0,0.1476846057571965,147.6846057571965,0.5568757812876418,0.44312149936454304,2.7193478183642284e-06
20.0,0.15018773466833543,150.18773466833542,0.5514389191155112,0.4485565327628193,4.548121673055653e-06
20.0,0.15269086357947434,152.69086357947435,0.5460575691725525,0.4539383429853914,4.087842059975453e-06
20.0,0.15519399249061328,155.19399249061328,0.5407311646602793,0.4592653602936762,3.475046048945489e-06
20.0,0.15769712140175218,157.69712140175218,0.5354591445670903,0.4645375880959283,3.267336985614737e-06
20.0,0.16020025031289112,160.20025031289111,0.5302409536094195,0.46975545886109105,3.58752949404582e-06
20.0,0.16270337922403005,162.70337922403004,0.5250760421732886,0.47491962380539976,4.334021314500149e-06
20.0,0.16520650813516896,165.20650813516897,0.5199638662563516,0.48003130847850856,4.825265142675114e-06
20.0,0.1677096370463079,167.7096370463079,0.514903887410675,0.48509189444432715,4.218145000651707e-06
20.0,0.1702127659574468,170.2127659574468,0.5098955726863896,0.49010116919959995,3.2581140136999657e-06
20.0,0.17271589486858574,172.71589486858574,0.5049383945754357,0.49505790190528876,3.7035192789601475e-06
20.0,0.17521902377972465,175.21902377972464,0.5000318309551584,0.4999639636494634,4.205395382107688e-06
20.0,0.17772215269086358,177.7221526908636,0.49517536503424403,0.5048197929980401,4.841967719999478e-06
20.0,0.18022528160200252,180.22528160200253,0.49036848529789095,0.5096263366781092,5.178024003893231e-06
20.0,0.18272841051314143,182.72841051314143,0.4856106854539754,0.5143848444218527,4.4701241765467126e-06
20.0,0.18523153942428036,185.23153942428036,0.4809014643802026,0.5190945454157448,3.9902040580438564e-06
20.0,0.18773466833541927,187.73466833541926,0.47624032607072625,0.523755560250698,4.113678582344694e-06
20.0,0.1902377972465582,190.23779724655822,0.4716267795839868,0.5283685034959705,4.716920049937637e-06
20.0,0.19274092615769714,192.74092615769715,0.4670603389909919,0.5329345547889482,5.106220066548985e-06
20.0,0.19524405506883605,195.24405506883605,0.46254052332425044,0.5374548825883018,4.594087453625168e-06
20.0,0.19774718397997498,197.74718397997498,0.4580668565275485,0.5419285330454293,4.610427028048206e-06
20.0,0.2002503128911139,200.25031289111388,0.45363886740475445,0.5463575464200501,3.5861752012935255e-06
20.0,0.20275344180225283,202.75344180225284,0.44925608957157226,0.5507402435928552,3.666835577689901e-06
20.0,0.20525657071339173,205.25657071339174,0.4449180614053068,0.5550766255382734,5.313056425063642e-06
20.0,0.20775969962453067,207.75969962453067,0.44062432599603485,0.5593693975558063,6.276448163801232e-06
20.0,0.2102628285356696,210.2628285356696,0.43637443109927887,0.5636200759334746,5.492967251799673e-06
20.0,0.2127659574468085,212.7659574468085,0.43216792908865764,0.5678276071969982,4.463714349328754e-06
20.0,0.21526908635794745,215.26908635794746,0.4280043769081158,0.571991397382126,4.225709764248054e-06
20.0,0.21777221526908636,217.77221526908636,0.42388333602517,0.5761117480125871,4.91596224876141e-06
20.0,0.2202753441802253,220.2753441802253,0.4198043723847238,0.5801898412726375,5.786342645263828e-06
20.0,0.2227784730913642,222.7784730913642,0.4157670563636691,0.5842261749349146,6.7687014223458905e-06
20.0,0.22528160200250313,225.28160200250312,0.41177096272476515,0.5882248094726544,4.227802585845184e-06
20.0,0.22778473091364207,227.78473091364208,0.40781567057459606,0.5921799911781445,4.338247265208669e-06
20.0,0.23028785982478098,230.28785982478098,0.403900763315506,0.5960943375553639,4.899129135553625e-06
20.0,0.2327909887359199,232.7909887359199,0.4000258286038313,0.5999685482653291,5.6231308449080965e-06
20.0,0.23529411764705882,235.2941176470588,0.39619045830596566,0.6038038691696808,5.672524357742472e-06
20.0,0.23779724655819776,237.79724655819774,0.3923942484555877,0.6076010452508773,4.706293538783079e-06
20.0,0.2403003754693367,240.3003754693367,0.38863679921133243,0.611359246489669,3.954299002445681e-06
20.0,0.2428035043804756,242.8035043804756,0.3849177148142377,0.6150782089751863,4.076210580030888e-06
20.0,0.24530663329161453,245.30663329161453,0.38123660354605243,0.6187582769509915,5.119502960079925e-06
20.0,0.24780976220275344,247.80976220275343,0.37759307768795175,0.6224005313785629,6.390933489804744e-06
20.0,0.2503128911138924,250.3128911138924,0.37398675347945726,0.6260079633115139,5.283209033910896e-06
20.0,0.2528160200250313,252.8160200250313,0.37041725107962664,0.6295776439503937,5.104969983740815e-06
20.0,0.2553191489361702,255.3191489361702,0.36688419452496196,0.6331108774074945,4.928067547006907e-06
20.0,0.25782227784730916,257.8222778473092,0.3633872116909776,0.6366075088447677,5.279464258777333e-06
20.0,0.26032540675844806,260.3254067584481,0.35992593425253727,0.6400682141383629,5.851609104921549e-06
20.0,0.26282853566958697,262.828535669587,0.3564999976451205,0.6434941921543321,5.810200554027892e-06
20.0,0.26533166458072593,265.33166458072594,0.35310904102670687,0.6468858004023891,5.158570909555881e-06
20.0,0.26783479349186484,267.83479349186484,0.3497527072397768,0.650242520178545,4.772581684030129e-06
20.0,0.27033792240300375,270.33792240300374,0.34643064277340063,0.6535643757791758,4.981447430389454e-06
20.0,0.2728410513141427,272.8410513141427,0.3431424977260257,0.6568518332845619,5.6689894201347e-06
20.0,0.2753441802252816,275.3441802252816,0.3398879257686139,0.6601058404217013,6.233809693447027e-06
20.0,0.27784730913642053,277.8473091364205,0.33666658410850653,0.6633261691972409,7.246694261811829e-06
20.0,0.28035043804755944,280.35043804755946,0.3334781334523927,0.6665159094702807,5.957077334860784e-06
20.0,0.2828535669586984,282.8535669586984,0.3303222379723844,0.6696726669629434,5.095064679243589e-06
20.0,0.2853566958698373,285.3566958698373,0.32719856526907765,0.6727961805792811,5.254151647113451e-06
20.0,0.2878598247809762,287.8598247809762,0.32410678633679624,0.6758870932124768,6.120450733449032e-06
20.0,0.2903629536921152,290.3629536921152,0.32104657552897126,0.6789467793357846,6.645135250317045e-06
20.0,0.2928660826032541,292.8660826032541,0.31801761052403266,0.6819764434656309,5.9460103437968685e-06
20.0,0.295369211514393,295.369211514393,0.31501957229187383,0.6849750719503487,5.355757785031377e-06
20.0,0.2978723404255319,297.8723404255319,0.3120521450595452,0.687942884465473,4.970474988909177e-06
20.0,0.30037546933667086,300.37546933667085,0.30911501627831495,0.6908797708822154,5.21283947652124e-06
20.0,0.30287859824780977,302.87859824780975,0.30620787659077003,0.6937851941684383,6.929240799706629e-06
20.0,0.3053817271589487,305.3817271589487,0.3033304197971434,0.6966634765311306,6.103671734361537e-06
20.0,0.30788485607008764,307.88485607008766,0.3004823428253556,0.6995126581018659,4.9990727876080195e-06
20.0,0.31038798498122655,310.38798498122657,0.2976633456975322,0.702332090142569,4.564159907625234e-06
20.0,0.31289111389236546,312.89111389236547,0.29487313149854816,0.7051217488196331,5.119681828309824e-06
20.0,0.31539424280350437,315.39424280350437,0.2921114063447619,0.707882208031454,6.385623794291463e-06
20.0,0.31789737171464333,317.8973717146433,0.2893778793530453,0.7106147087509302,7.411896035244138e-06
20.0,0.32040050062578224,320.40050062578223,0.28667226261017353,0.7133210340765704,6.7033132667094345e-06
20.0,0.32290362953692114,322.90362953692113,0.28399427114311077,0.716000535239506,5.1936173939396946e-06
20.0,0.3254067584480601,325.4067584480601,0.28134362288878584,0.71865114954889,5.2275623365958795e-06
20.0,0.327909887359199,327.909887359199,0.27872003866349004,0.7212737396962404,6.221640282432149e-06
20.0,0.3304130162703379,330.41301627033795,0.27612324213387696,0.7238701356347026,6.622231433361469e-06
20.0,0.33291614518147683,332.91614518147685,0.27355295978832134,0.7264408737555089,6.166456181350597e-06
20.0,0.3354192740926158,335.4192740926158,0.2710089209080492,0.7289854827333012,5.596358660101136e-06
20.0,0.3379224030037547,337.9224030037547,0.2684908575383813,0.7315036853063359,5.457155292040408e-06
20.0,0.3404255319148936,340.4255319148936,0.2659985044604709,0.7339955758443276,5.919695210528039e-06
20.0,0.34292866082603257,342.92866082603257,0.26353159916334723,0.7364617339075146,6.666929146936413e-06
20.0,0.3454317897371715,345.43178973717147,0.26108988181627135,0.7389031972276565,6.92095608127051e-06
20.0,0.3479349186483104,347.9349186483104,0.2586730952415156,0.7413207470995548,6.157658939060375e-06
20.0,0.3504380475594493,350.4380475594493,0.25628098488760837,0.743713295168312,5.719944088821163e-06
20.0,0.35294117647058826,352.94117647058823,0.25391329880189345,0.7460809346076536,5.7665904616917904e-06
20.0,0.35544430538172717,355.4443053817272,0.25156978760418414,0.7484240308048787,6.181590945005614e-06
20.0,0.3579474342928661,357.9474342928661,0.24925020446059878,0.75074270976725,7.085772158851532e-06
20.0,0.36045056320400504,360.45056320400505,0.24695430505718452,0.7530387014730437,6.993469778441148e-06
20.0,0.36295369211514394,362.95369211514395,0.24468184757489234,0.75531189216563,6.260259484637794e-06
20.0,0.36545682102628285,365.45682102628285,0.24243259266386344,0.7575615170612334,5.890274909185635e-06
20.0,0.36795994993742176,367.95994993742175,0.24020630341793697,0.7597875289869616,6.1675951085186456e-06
20.0,0.3704630788485607,370.4630788485607,0.238002745349728,0.7619904554710335,6.799179244569755e-06
20.0,0.37296620775969963,372.9662077596996,0.2358216863660784,0.7641706700349694,7.643598958747413e-06
20.0,0.37546933667083854,375.4693366708385,0.233662896743461,0.7663291244928156,7.978763729742057e-06
20.0,0.3779724655819775,377.9724655819775,0.2315261491037386,0.7684675760496315,6.274846635741744e-06
20.0,0.3804755944931164,380.47559449311643,0.22941121839122794,0.7705836424174488,5.139191327800746e-06
20.0,0.3829787234042553,382.97872340425533,0.22731788184793353,0.7726759816754537,6.13647661750111e-06
20.0,0.3854818523153943,385.4818523153943,0.22524591898961505,0.7747465784682912,7.5025420983687005e-06
20.0,0.3879849812265332,387.9849812265332,0.22319511158335453,0.776796897436042,7.990980608557101e-06
20.0,0.3904881101376721,390.4881101376721,0.2211652436245778,0.778827849654024,6.906721403288617e-06
20.0,0.392991239048811,392.991239048811,0.2191561013146946,0.7808378859951953,6.012690116123714e-06
20.0,0.39549436795994997,395.49436795994995,0.21716747303786804,0.7828264677303879,6.059231750521857e-06
20.0,0.3979974968710889,397.99749687108886,0.21519914933866496,0.7847943560375934,6.494623747200144e-06
20.0,0.4005006257822278,400.50062578222776,0.213250922900452,0.7867413925370484,7.684562506310209e-06
20.0,0.40300375469336674,403.0037546933668,0.21132258852262345,0.7886710512047909,6.3602725920367574e-06
20.0,0.40550688360450565,405.5068836045057,0.20941394310110736,0.7905801297154629,5.927183436453225e-06
20.0,0.40801001251564456,408.0100125156446,0.20752478560484408,0.7924691020422436,6.112352918951105e-06
20.0,0.41051314142678347,410.5131414267835,0.20565491705538813,0.7943383545176878,6.7284269302632094e-06
20.0,0.41301627033792243,413.01627033792244,0.20380414050588766,0.7961884898058611,7.369688255888534e-06
20.0,0.41551939924906134,415.51939924906134,0.20197226102027,0.7980206613057852,7.077673950157156e-06
20.0,0.41802252816020025,418.02252816020024,0.20015908565306617,0.7998348508338462,6.063513093387146e-06
20.0,0.4205256570713392,420.5256570713392,0.1983644234290366,0.8016301099291594,5.466641810232042e-06
20.0,0.4230287859824781,423.0287859824781,0.19658808532274982,0.8034060633105292,5.8513667272575434e-06
20.0,0.425531914893617,425.531914893617,0.19482988423865788,0.8051629742202547,7.141541094203573e-06
20.0,0.42803504380475593,428.03504380475596,0.19308963499119028,0.8069027226516161,7.64235720010593e-06
20.0,0.4305381727158949,430.5381727158949,0.19136715428588308,0.8086257175027397,7.1282113828427925e-06
20.0,0.4330413016270338,433.0413016270338,0.18966226070000303,0.8103312371945108,6.502105492305275e-06
20.0,0.4355444305381727,435.5444305381727,0.1879747746631515,0.8120188272790534,6.398057802308618e-06
20.0,0.4380475594493117,438.0475594493117,0.18630451843828758,0.8136886152183022,6.866343418185494e-06
20.0,0.4405506883604506,440.5506883604506,0.1846513161030106,0.8153412864400573,7.397456940262011e-06
20.0,0.4430538172715895,443.0538172715895,0.18301499353106887,0.8169779104332018,7.0960357377640685e-06
20.0,0.4455569461827284,445.5569461827284,0.1813953783743767,0.8185981925962461,6.4290293848475035e-06
20.0,0.44806007509386736,448.06007509386734,0.17979230004471244,0.8202012034435879,6.496511708313182e-06
20.0,0.45056320400500627,450.56320400500624,0.17820558969524736,0.8217878326224037,6.577682357921188e-06
20.0,0.4530663329161452,453.0663329161452,0.17663508020329324,0.8233582012285797,6.718568135024441e-06
20.0,0.45556946182728414,455.56946182728416,0.17508060615282642,0.824911040837479,8.353009702233245e-06
20.0,0.45807259073842305,458.07259073842306,0.17354200381578463,0.8264499317185083,8.064465714514256e-06
20.0,0.46057571964956195,460.57571964956196,0.17201911113673207,0.82797400249324,6.886370034899595e-06
20.0,0.46307884856070086,463.07884856070086,0.17051176771497378,0.8294819083887173,6.323896316337183e-06
20.0,0.4655819774718398,465.5819774718398,0.16901981478732758,0.8309734545610449,6.730651634131789e-06
20.0,0.46808510638297873,468.0851063829787,0.16754309521147467,0.8324492432372532,7.661551278647845e-06
20.0,0.47058823529411764,470.5882352941176,0.1660814534493889,0.8339107659400363,7.780610581423744e-06
20.0,0.4730913642052566,473.0913642052566,0.1646347355515903,0.83535731357636,7.950872056267105e-06
20.0,0.4755944931163955,475.5944931163955,0.16320278913976366,0.8367916497356003,5.561124643873002e-06
20.0,0.4780976220275344,478.09762202753444,0.16178546339299138,0.8382089019709374,5.634636078481193e-06
20.0,0.4806007509386734,480.6007509386734,0.16038260902911328,0.8396099741339007,7.416836993377758e-06
20.0,0.4831038798498123,483.1038798498123,0.15899407828969087,0.8409981971427152,7.724567602879837e-06
20.0,0.4856070087609512,485.6070087609512,0.1576197249256811,0.842373307903812,6.9671705161928755e-06
20.0,0.4881101376720901,488.1101376720901,0.15625940418138842,0.8437345849101673,6.010908453838279e-06
20.0,0.49061326658322907,490.61326658322906,0.1549129727791431,0.8450812159144007,5.811306465918683e-06
20.0,0.493116395494368,493.11639549436796,0.1535802889040401,0.8464131234434276,6.587652541763403e-06
20.0,0.4956195244055069,495.61952440550687,0.15226121218902106,0.8477308758002841,7.91201070337861e-06
20.0,0.49812265331664585,498.1226533166458,0.15095560370005567,0.8490358514100196,8.544889933709712e-06
20.0,0.5006257822277848,500.6257822277848,0.14966332592153314,0.8503301215925437,6.55248593174894e-06
20.0,0.5031289111389237,503.1289111389237,0.1483842427432964,0.8516090521386716,6.705118039666784e-06
20.0,0.5056320400500626,505.6320400500626,0.1471182194435187,0.8528748794761183,6.901080371081952e-06
20.0,0.5081351689612015,508.1351689612015,0.145865122676422,0.8541274178574223,7.459466163978155e-06
20.0,0.5106382978723404,510.6382978723404,0.14462482045752587,0.8553675014088503,7.678133631970595e-06
20.0,0.5131414267834794,513.1414267834795,0.14339718215000274,0.8565957308880255,7.086961978964087e-06
20.0,0.5156445556946183,515.6445556946184,0.14218207845114464,0.8578113713764542,6.550172407900087e-06
20.0,0.5181476846057572,518.1476846057573,0.1409793813783923,0.8590140687129445,6.549908668756478e-06
20.0,0.5206508135168961,520.6508135168962,0.1397889642558439,0.8602039026788226,7.133065338230832e-06
20.0,0.523153942428035,523.1539424280351,0.13861070170088668,0.8613815123334505,7.785965666783432e-06
20.0,0.5256570713391739,525.657071339174,0.13744446961103912,0.8625478662177123,7.664171252463605e-06
20.0,0.5281602002503129,528.1602002503129,0.1362901451513964,0.8637017412842398,8.113564368597596e-06
20.0,0.5306633291614519,530.6633291614519,0.13514760674050952,0.8648454844613477,6.908798148186207e-06
20.0,0.5331664580725908,533.1664580725908,0.134016734039315,0.865976562596861,6.7033638286415755e-06
20.0,0.5356695869837297,535.6695869837297,0.13289740793689397,0.8670951877322792,7.404330830754901e-06
20.0,0.5381727158948686,538.1727158948686,0.13178951053833957,0.8682023105163762,8.17894528788431e-06
20.0,0.5406758448060075,540.6758448060075,0.13069292515239808,0.8692993277836619,7.747063943878372e-06
20.0,0.5431789737171464,543.1789737171464,0.12960753627972196,0.8703854390284481,7.024691834126707e-06
20.0,0.5456821026282854,545.6821026282854,0.12853322960023028,0.871459957508289,6.812891484946621e-06
20.0,0.5481852315394243,548.1852315394243,0.1274698919608484,0.8725233758724266,6.73216672797754e-06
20.0,0.5506883604505632,550.6883604505632,0.1264174113641359,0.873574709676108,7.87895975921099e-06
20.0,0.5531914893617021,553.1914893617021,0.12537567695574298,0.8746151353019768,9.18774228256235e-06
20.0,0.5556946182728411,555.694618272841,0.12434457901260261,0.8756486308221907,6.790165209059536e-06
20.0,0.55819774718398,558.1977471839799,0.12332400893384031,0.8766699695969354,6.021469226088596e-06
20.0,0.5607008760951189,560.7008760951189,0.12231385922622373,0.8776798705723604,6.2702014184467815e-06
20.0,0.5632040050062579,563.204005006258,0.12131402349415239,0.878678610489085,7.366016765490217e-06
20.0,0.5657071339173968,565.7071339173968,0.12032439642825266,0.8796669945332973,8.609038453580933e-06
20.0,0.5682102628285357,568.2102628285357,0.11934487379424218,0.8806465667189776,8.55948678331177e-06
20.0,0.5707133917396746,570.7133917396746,0.11837535242243476,0.8816172567353716,7.390842197065271e-06
20.0,0.5732165206508135,573.2165206508135,0.11741573019668254,0.8825783101338133,5.959669507423822e-06
20.0,0.5757196495619524,575.7196495619525,0.11646590604388743,0.8835269910589654,7.1028971505655896e-06
20.0,0.5782227784730913,578.2227784730914,0.11552577992176304,0.8844663322621854,7.887816054119583e-06
20.0,0.5807259073842304,580.7259073842304,0.11459525280995356,0.8853970765683051,7.67062174309861e-06
20.0,0.5832290362953693,583.2290362953693,0.11367422669938596,0.8863187349622469,7.038338367868773e-06
20.0,0.5857321652065082,585.7321652065082,0.11276260458172428,0.8872306741415578,6.721276717940969e-06
20.0,0.5882352941176471,588.2352941176471,0.11186029043903138,0.8881327039179351,7.005643033290548e-06
20.0,0.590738423028786,590.738423028786,0.1109671892336494,0.8890251070963677,7.703669982156612e-06
20.0,0.5932415519399249,593.2415519399249,0.11008320689820074,0.8899085876851192,8.205416680292433e-06
20.0,0.5957446808510638,595.7446808510638,0.10920825032570378,0.8907841526778825,7.596996414660359e-06
20.0,0.5982478097622028,598.2478097622028,0.10834222736016282,0.891651186131428,6.586508410306914e-06
20.0,0.6007509386733417,600.7509386733417,0.10748504678674613,0.8925080090034353,6.944209819104356e-06
20.0,0.6032540675844806,603.2540675844806,0.10663661832129377,0.8933561863399999,7.195338706302735e-06
20.0,0.6057571964956195,605.7571964956195,0.10579685260191704,0.8941951302508584,8.01714722407389e-06
20.0,0.6082603254067585,608.2603254067584,0.10496566117879177,0.8950259695046092,8.369316598101665e-06
20.0,0.6107634543178974,610.7634543178974,0.1041429565052809,0.8958494100358223,7.633458895762889e-06
20.0,0.6132665832290363,613.2665832290363,0.1033286519290185,0.8966642530327579,7.095038222478934e-06
20.0,0.6157697121401753,615.7697121401753,0.1025226616822131,0.8974701690689645,7.169248821025913e-06
20.0,0.6182728410513142,618.2728410513142,0.10172490087268121,0.8982673693041565,7.729823160897874e-06
20.0,0.6207759699624531,620.7759699624531,0.10093528547491169,0.8990565796072091,8.134917877440328e-06
20.0,0.623279098873592,623.279098873592,0.10015373232148489,0.8998377297389277,8.537939585825586e-06
20.0,0.6257822277847309,625.7822277847309,0.09938015909383621,0.9006122717103155,7.569195845844687e-06
20.0,0.6282853566958698,628.2853566958698,0.09861448431444926,0.9013789798788301,6.53580671945105e-06
20.0,0.6307884856070087,630.7884856070087,0.09785662733772522,0.9021366192084035,6.753453869708936e-06
20.0,0.6332916145181477,633.2916145181478,0.09710650834120266,0.9028853380857482,8.153573047769408e-06
20.0,0.6357947434292867,635.7947434292867,0.09636404831711154,0.9036268621660003,9.089516886546604e-06
20.0,0.6382978723404256,638.2978723404256,0.09562916906446256,0.9043624847618725,8.346173662991476e-06
20.0,0.6408010012515645,640.8010012515645,0.09490179318124542,0.9050909572331083,7.249585644308126e-06
20.0,0.6433041301627034,643.3041301627034,0.09418184405571879,0.9058111974177809,6.9585264985059105e-06
20.0,0.6458072590738423,645.8072590738423,0.09346924585816327,0.9065231591913834,7.594950452404288e-06
20.0,0.6483103879849812,648.3103879849812,0.09276392353298397,0.90722739662628,8.679840734220097e-06
20.0,0.6508135168961202,650.8135168961202,0.09206580279062848,0.907925920003982,8.277205388912721e-06
20.0,0.6533166458072591,653.3166458072591,0.09137481010056607,0.9086182896006697,6.9002987642649265e-06
20.0,0.655819774718398,655.819774718398,0.09069087268341994,0.9093022072295781,6.920087003061614e-06
20.0,0.6583229036295369,658.3229036295369,0.09001391850225697,0.9099786069478881,7.474549856690089e-06
20.0,0.6608260325406758,660.8260325406759,0.08934387625575903,0.9106479593292959,8.164414947052345e-06
20.0,0.6633291614518148,663.3291614518148,0.0886806753705443,0.9113110940959329,8.23053352478409e-06
20.0,0.6658322903629537,665.8322903629537,0.08802424599388406,0.911968468603825,7.285402294098758e-06
20.0,0.6683354192740927,668.3354192740927,0.08737451898658109,0.9126190195726095,6.461440812575435e-06
20.0,0.6708385481852316,670.8385481852316,0.08673142591529953,0.9132620552032247,6.518881480145005e-06
20.0,0.6733416770963705,673.3416770963705,0.08609489904528526,0.9138976000400634,7.500914656089484e-06
20.0,0.6758448060075094,675.8448060075094,0.08546487133313267,0.914526879612941,8.249053931896973e-06
20.0,0.6783479349186483,678.3479349186483,0.08484127642008497,0.9151505591094292,8.164470491518588e-06
20.0,0.6808510638297872,680.8510638297872,0.08422404862509747,0.9157684859103489,7.465464560149487e-06
20.0,0.6833541927409261,683.3541927409261,0.08361312293793093,0.9163796359580298,7.241104045376648e-06
20.0,0.6858573216520651,685.8573216520651,0.08300843501191171,0.916984024669061,7.540319033939069e-06
20.0,0.688360450563204,688.360450563204,0.08240992115730782,0.9175819578014648,8.121041233498606e-06
20.0,0.690863579474343,690.8635794743429,0.08181751833454859,0.9181743848124145,8.096853043226782e-06
20.0,0.6933667083854819,693.3667083854818,0.08123116414789343,0.9187613969495158,7.438902597470529e-06
20.0,0.6958698372966208,695.8698372966207,0.08065079683886182,0.9193422172149853,6.98594615949416e-06
20.0,0.6983729662077597,698.3729662077596,0.08007635527949145,0.9199163541240308,7.29059648318342e-06
20.0,0.7008760951188986,700.8760951188985,0.07950777896573273,0.9204844142556372,7.806778635491027e-06
20.0,0.7033792240300376,703.3792240300376,0.07894500801143248,0.9210463713564098,8.620632163784816e-06
20.0,0.7058823529411765,705.8823529411765,0.07838798314178168,0.9216027517135663,9.265144658914723e-06
20.0,0.7083854818523154,708.3854818523155,0.0778366456869396,0.9221552847886646,8.069524402350628e-06
20.0,0.7108886107634543,710.8886107634544,0.07729093757688443,0.9227018859412457,7.176481877142782e-06
20.0,0.7133917396745932,713.3917396745933,0.07675080133421489,0.9232419239319626,7.274733830665314e-06
20.0,0.7158948685857321,715.8948685857322,0.07621618006820581,0.9237756910472066,8.128884596051346e-06
20.0,0.718397997496871,718.3979974968711,0.0756870174688337,0.9243043111237569,8.671407417887688e-06
20.0,0.7209011264080101,720.9011264080101,0.0751632578010489,0.924828758037141,7.984161819144745e-06
20.0,0.723404255319149,723.404255319149,0.07464484589939392,0.9253474705752324,7.683525383031699e-06
20.0,0.7259073842302879,725.9073842302879,0.07413172716100865,0.9258621228337053,6.15000529526373e-06
20.0,0.7284105131414268,728.4105131414268,0.07362384754164292,0.9263690348525376,7.117605828893691e-06
20.0,0.7309136420525657,730.9136420525657,0.07312115354766646,0.9268703599332496,8.48651909309277e-06
20.0,0.7334167709637046,733.4167709637046,0.07262359223159041,0.9273684585184347,7.94924998380806e-06
20.0,0.7359198998748435,735.9198998748435,0.07213111118729423,0.9278619842245261,6.904588188189951e-06
20.0,0.7384230287859825,738.4230287859825,0.07164365854367996,0.9283499056104833,6.435845844615168e-06
20.0,0.7409261576971214,740.9261576971214,0.0711611829591295,0.9288318943015392,6.922739339589629e-06
20.0,0.7434292866082604,743.4292866082603,0.07068363361612137,0.929308202635058,8.163748828572285e-06
20.0,0.7459324155193993,745.9324155193992,0.07021096021584165,0.9297798441928447,9.19559132238426e-06
20.0,0.7484355444305382,748.4355444305381,0.06974311297293646,0.9302483484866673,8.53854040540344e-06
20.0,0.7509386733416771,750.938673341677,0.0692800426108115,0.9307131154427971,6.841946400699667e-06
20.0,0.7534418022528161,753.441802252816,0.0688217003565555,0.9311708634366179,7.436206835453753e-06
20.0,0.755944931163955,755.944931163955,0.06836803793407709,0.9316240344850606,7.927580869787866e-06
20.0,0.7584480600750939,758.448060075094,0.06791900756068883,0.9320726664626371,8.325976682561972e-06
20.0,0.7609511889862328,760.9511889862329,0.06747456194143082,0.9325175252396558,7.912818921130365e-06
20.0,0.7634543178973717,763.4543178973718,0.06703465426450995,0.9329580628634897,7.282872008547256e-06
20.0,0.7659574468085106,765.9574468085107,0.06659923819611303,0.9333936592337541,7.102570140468797e-06
20.0,0.7684605757196495,768.4605757196496,0.06616826787540586,0.933824213698024,7.518426577481728e-06
20.0,0.7709637046307886,770.9637046307886,0.06574169790972584,0.9342500301546025,8.271935678693547e-06
20.0,0.7734668335419275,773.4668335419275,0.06531948336977093,0.9346719679440163,8.548686220041946e-06
20.0,0.7759699624530664,775.9699624530664,0.06490157978503312,0.9350906299416551,7.790273319198322e-06
20.0,0.7784730913642053,778.4730913642053,0.06448794313956567,0.9355041676343393,7.889226102340679e-06
20.0,0.7809762202753442,780.9762202753442,0.0640785298661258,0.9359142319469302,7.238186952279699e-06
20.0,0.7834793491864831,783.4793491864831,0.06367329684301476,0.9363190061759552,7.696981037935992e-06
20.0,0.785982478097622,785.982478097622,0.06327220138830222,0.9367192223523482,8.576259357613095e-06
20.0,0.788485607008761,788.485607008761,0.06287520125572205,0.9371162528246921,8.545919594203476e-06
20.0,0.7909887359198999,790.9887359198999,0.062482254630660074,0.9375099773211982,7.768048150417634e-06
20.0,0.7934918648310388,793.4918648310388,0.062093320125641886,0.9378993151063155,7.364768051130678e-06
20.0,0.7959949937421777,795.9949937421777,0.06170835677559888,0.9382840435951567,7.59962925292713e-06
20.0,0.7984981226533167,798.4981226533166,0.06132732403357955,0.9386646761520806,7.999814349053427e-06
20.0,0.8010012515644556,801.0012515644555,0.0609501817668296,0.9390407513481659,9.066885012933858e-06
20.0,0.8035043804755945,803.5043804755944,0.06057689025197606,0.9394137017074731,9.40804055827169e-06
20.0,0.8060075093867335,806.0075093867335,0.06020741017103514,0.939785919500574,6.670328398109429e-06
20.0,0.8085106382978724,808.5106382978724,0.05984170260912709,0.9401517182869936,6.5791038871717694e-06
20.0,0.8110137672090113,811.0137672090113,0.05947972904720334,0.9405127892325637,7.4817202405099244e-06
20.0,0.8135168961201502,813.5168961201502,0.05912145135972371,0.9408697565396805,8.792100603731796e-06
20.0,0.8160200250312891,816.0200250312892,0.05876683181030144,0.9412238288808844,9.339308821708476e-06
20.0,0.818523153942428,818.523153942428,0.0584158330479109,0.9415759120673106,8.254884786095531e-06
20.0,0.8210262828535669,821.026282853567,0.05806841810344029,0.941924239035291,7.342861275591172e-06
20.0,0.823529411764706,823.529411764706,0.0577245503848578,0.9422689462852617,6.5033298890094355e-06
20.0,0.8260325406758449,826.0325406758449,0.057384193674293205,0.9426075193440999,8.286981615094147e-06
20.0,0.8285356695869838,828.5356695869838,0.057047312122389233,0.9429437208602977,8.967017322171847e-06
20.0,0.8310387984981227,831.0387984981227,0.056713870246401836,0.943278455915605,7.673838002994646e-06
20.0,0.8335419274092616,833.5419274092616,0.05638383292663562,0.9436089301446295,7.236928745571329e-06
20.0,0.8360450563204005,836.0450563204005,0.056057165401335325,0.9439355146130279,7.319985648017383e-06
20.0,0.8385481852315394,838.5481852315394,0.05573383326374558,0.9442582331778626,7.933558403227158e-06
20.0,0.8410513141426784,841.0513141426784,0.05541380245831052,0.9445776223695551,8.575172145862454e-06
20.0,0.8435544430538173,843.5544430538173,0.05509703927710903,0.9448946233211885,8.337401714253787e-06
20.0,0.8460575719649562,846.0575719649562,0.05478351035658683,0.9452092057709224,7.283872503843197e-06
20.0,0.8485607008760951,848.5607008760951,0.05447318267408735,0.9455201503474852,6.6669784412927785e-06
20.0,0.851063829787234,851.063829787234,0.054166023544112284,0.945826320477576,7.655978324970442e-06
20.0,0.853566958698373,853.5669586983729,0.053862000614229334,0.9461298242113022,8.175174480877607e-06
20.0,0.8560700876095119,856.0700876095119,0.05356108186287444,0.9464301256373715,8.79249976753973e-06
20.0,0.8585732165206509,858.5732165206509,0.05326323559507079,0.9467284652337125,8.299171231131807e-06
20.0,0.8610763454317898,861.0763454317898,0.05296843043989569,0.9470239418507983,7.627709321684125e-06
20.0,0.8635794743429287,863.5794743429287,0.05267663534669158,0.9473158699347753,7.494718549024114e-06
20.0,0.8660826032540676,866.0826032540676,0.05238781958170261,0.9476042352199133,7.945198399997807e-06
20.0,0.8685857321652065,868.5857321652065,0.05210195272486428,0.9478895628575755,8.484417576555838e-06
20.0,0.8710888610763454,871.0888610763454,0.051819004666628074,0.9481727786337814,8.216699606915605e-06
20.0,0.8735919899874843,873.5919899874843,0.05153894560528563,0.948452795609438,8.258785294112486e-06
20.0,0.8760951188986233,876.0951188986234,0.05126174604297002,0.9487307016998066,7.552257241822326e-06
20.0,0.8785982478097623,878.5982478097623,0.05098737678334444,0.9490058849865106,6.73823016301097e-06
20.0,0.8811013767209012,881.1013767209012,0.05071580892850478,0.94927614162849,8.04944302335766e-06
20.0,0.8836045056320401,883.6045056320401,0.05044701387471257,0.9495436336957518,9.352429554956378e-06
20.0,0.886107634543179,886.107634543179,0.0501809633103993,0.9498099369610882,9.099728531581076e-06
20.0,0.8886107634543179,888.6107634543179,0.049917629213512116,0.9500744444340742,7.92635243277457e-06
20.0,0.8911138923654568,891.1138923654568,0.04965698384828768,0.9503357048042969,7.311347435017322e-06
20.0,0.8936170212765958,893.6170212765958,0.049398999761943,0.9505933096115418,7.690626533492372e-06
20.0,0.8961201501877347,896.1201501877347,0.04914364978181309,0.9508477539670911,8.596251114912056e-06
20.0,0.8986232790988736,898.6232790988736,0.048890907012729225,0.9510992638960709,9.829091218532204e-06
20.0,0.9011264080100125,901.1264080100125,0.048640744833408175,0.9513515856720709,7.669494539511886e-06
20.0,0.9036295369211514,903.6295369211515,0.048393136896044985,0.9516003154161898,6.547687783899781e-06
20.0,0.9061326658322904,906.1326658322904,0.04814805712118334,0.9518443638923578,7.5789864778533736e-06
20.0,0.9086357947434293,908.6357947434293,0.04790547969491737,0.9520862082051326,8.312099968411735e-06
20.0,0.9111389236545683,911.1389236545683,0.04766537906738836,0.9523259691953851,8.651737244839795e-06
20.0,0.9136420525657072,913.6420525657072,0.04742772994949391,0.9525643343431206,7.935707402866317e-06
20.0,0.9161451814768461,916.1451814768461,0.047192507310640334,0.9528005318282733,6.960861102843416e-06
20.0,0.918648310387985,918.648310387985,0.0469596863758426,0.9530336135590496,6.7000651238462e-06
20.0,0.9211514392991239,921.1514392991239,0.04672924262293821,0.9532633168016471,7.44057543059102e-06
20.0,0.9236545682102628,923.6545682102628,0.04650115177999046,0.9534901305883111,8.717631713853278e-06
20.0,0.9261576971214017,926.1576971214017,0.04627538982251444,0.9537163550685258,8.255108975729548e-06
20.0,0.9286608260325407,928.6608260325407,0.046051932972180326,0.9539400945851711,7.972442665524657e-06
20.0,0.9311639549436797,931.1639549436796,0.045830757692986064,0.9541616989265556,7.543380474673864e-06
20.0,0.9336670838548186,933.6670838548185,0.04561184068946043,0.9543804422995965,7.7170109586365e-06
20.0,0.9361702127659575,936.1702127659574,0.045395158903786856,0.9545965804833364,8.260612891987913e-06
20.0,0.9386733416770964,938.6733416770963,0.04518068951348838,0.9548107987074054,8.511779121384324e-06
20.0,0.9411764705882353,941.1764705882352,0.04496840992913808,0.9550236539408693,7.936130006479864e-06
20.0,0.9436795994993742,943.6795994993741,0.04475829779223473,0.9552343353394807,7.366868298661147e-06
20.0,0.9461827284105132,946.1827284105132,0.04455033097250302,0.9554423423986896,7.326628820593822e-06
20.0,0.9486858573216521,948.6858573216521,0.04434448756553511,0.9556476191580733,7.893276405484217e-06
20.0,0.951188986232791,951.188986232791,0.044140745890451666,0.9558507094953357,8.54461422612892e-06
20.0,0.9536921151439299,953.69211514393,0.043939084487931185,0.9560512321601281,9.683351954022613e-06
20.0,0.9561952440550688,956.1952440550689,0.04373948211715761,0.956251740523335,8.777359521202288e-06
20.0,0.9586983729662077,958.6983729662078,0.04354191775508405,0.9564504125605676,7.669684362304106e-06
20.0,0.9612015018773468,961.2015018773468,0.043346370593159406,0.9566462068251133,7.422581741334046e-06
20.0,0.9637046307884857,963.7046307884857,0.04315282003509258,0.9568390800416328,8.099923288126424e-06
20.0,0.9662077596996246,966.2077596996246,0.042961245694710895,0.9570298496521418,8.904653160201257e-06
20.0,0.9687108886107635,968.7108886107635,0.04277162739387946,0.9572198698872106,8.502718923798239e-06
20.0,0.9712140175219024,971.2140175219024,0.042583945160937935,0.9574082958222905,7.759016784784749e-06
20.0,0.9737171464330413,973.7171464330413,0.04239817922809554,0.9575945240484472,7.296723470214103e-06
20.0,0.9762202753441802,976.2202753441802,0.04221431002933297,0.9577782721161116,7.417854569026432e-06
20.0,0.9787234042553192,978.7234042553192,0.04203231819842311,0.957959179887321,8.501914268170362e-06
20.0,0.9812265331664581,981.2265331664581,0.04185218456639101,0.9581392458998973,8.569533722959976e-06
20.0,0.983729662077597,983.729662077597,0.041673890160349336,0.9583186680066326,7.441833029900819e-06
20.0,0.986232790988736,986.2327909887359,0.04149741620149488,0.9584958669838273,6.716814690155979e-06
20.0,0.9887359198998749,988.7359198998748,0.04132274410254112,0.9586703567322183,6.8991652517616116e-06
20.0,0.9912390488110138,991.2390488110137,0.04114985546587897,0.9588421690530463,7.975481085143389e-06
20.0,0.9937421777221527,993.7421777221526,0.040978732081603214,0.9590120268720538,9.24104635293649e-06
20.0,0.9962453066332917,996.2453066332916,0.040809355925578564,0.9591814217392077,9.222335223332072e-06
20.0,0.9987484355444306,998.7484355444305,0.040641709157956285,0.959350594749471,7.696092583904966e-06
20.0,1.0012515644555695,1001.2515644555696,0.040475774121577296,0.9595171595662985,7.066312134444769e-06
20.0,1.0037546933667083,1003.7546933667084,0.04031153333915599,0.9596807628266375,7.703834216907903e-06
20.0,1.0062578222778473,1006.2578222778474,0.04014896951155298,0.9598425287322798,8.501756178315276e-06
20.0,1.0087609511889863,1008.7609511889864,0.03998806551624728,0.9600036277158572,8.306767907094203e-06
20.0,1.0112640801001251,1011.2640801001252,0.039828804405892176,0.9601635259695914,7.669624527622736e-06
20.0,1.0137672090112642,1013.7672090112642,0.039671169406217024,0.9603215110907701,7.319503024126834e-06
20.0,1.016270337922403,1016.270337922403,0.03951514391413662,0.9604772953004891,7.560785386510565e-06
20.0,1.018773466833542,1018.773466833542,0.03936071149599909,0.9606310305957074,8.257908304756579e-06
20.0,1.0212765957446808,1021.2765957446808,0.03920785588584619,0.9607833526406422,8.791473523652824e-06
20.0,1.0237797246558198,1023.7797246558198,0.03905656098373432,0.9609352141459061,8.224870372085076e-06
20.0,1.0262828535669588,1026.282853566959,0.03890681085451371,0.961085571761964,7.617383534658861e-06
20.0,1.0287859824780976,1028.7859824780976,0.03875858972565445,0.9612337996658245,7.6106085336025385e-06
20.0,1.0312891113892366,1031.2891113892367,0.038611881985442825,0.9613803814355505,7.736579018624634e-06
20.0,1.0337922403003754,1033.7922403003754,0.03846667218177202,0.9615247945938616,8.533224377852377e-06
20.0,1.0362953692115144,1036.2953692115145,0.038322945019977496,0.9616681226223726,8.932357662371806e-06
20.0,1.0387984981226532,1038.7984981226532,0.03818068536162579,0.9618111116267505,8.203011636364834e-06
20.0,1.0413016270337923,1041.3016270337923,0.03803987822326476,0.9619524891382987,7.632638448121577e-06
20.0,1.0438047559449313,1043.8047559449312,0.03790050877425853,0.9620918238839488,7.66734180379856e-06
20.0,1.04630788485607,1046.3078848560701,0.03776256233529014,0.9622292098276017,8.22783711934842e-06
20.0,1.048811013767209,1048.811013767209,0.03762602437688003,0.9623649517009221,9.023922208848484e-06
20.0,1.0513141426783479,1051.314142678348,0.03749088051775678,0.9625000460688021,9.073413451320353e-06
20.0,1.053817271589487,1053.8172715894868,0.03735711652370701,0.962634406750878,8.476725424739443e-06
20.0,1.0563204005006257,1056.3204005006257,0.03722471830570818,0.9627686569369229,6.6247573787907415e-06
20.0,1.0588235294117647,1058.8235294117646,0.03709367191947881,0.9628990918364229,7.236244108698785e-06
20.0,1.0613266583229037,1061.3266583229038,0.03696396356200405,0.9630274468271941,8.589610811985139e-06
20.0,1.0638297872340425,1063.8297872340424,0.036835579571320186,0.9631548658549648,9.554573725376073e-06
20.0,1.0663329161451816,1066.3329161451816,0.03670850642492316,0.9632826466753076,8.84689977991864e-06
20.0,1.0688360450563203,1068.8360450563202,0.03658273073890031,0.9634095306618293,7.73859928131308e-06
20.0,1.0713391739674594,1071.3391739674594,0.036458239265978125,0.9635343465271244,7.414206907808822e-06
20.0,1.0738423028785984,1073.8423028785983,0.03633501889380371,0.9636575835940238,7.397512182161026e-06
20.0,1.0763454317897372,1076.3454317897372,0.036213056644279304,0.9637779080244617,9.0353312683008e-06
20.0,1.0788485607008762,1078.8485607008763,0.03609233967081461,0.9638988842180899,8.77611110491214e-06
20.0,1.081351689612015,1081.351689612015,0.03597285525888195,0.9640196857084674,7.459032661018288e-06
20.0,1.083854818523154,1083.854818523154,0.035854590824081,0.9641379953956138,7.413780314327077e-06
20.0,1.0863579474342928,1086.3579474342928,0.03573753390987724,0.9642545649741658,7.901115966267838e-06
20.0,1.0888610763454318,1088.861076345432,0.035621672187002615,0.9643697438443215,8.583968685673867e-06
20.0,1.0913642052565709,1091.3642052565708,0.035506993451988704,0.9644842989669878,8.707581033702622e-06
20.0,1.0938673341677096,1093.8673341677097,0.03539348562601819,0.9645987481847139,7.76618927708528e-06
20.0,1.0963704630788487,1096.3704630788486,0.03528113675394222,0.9647119503646172,6.912881449843393e-06
20.0,1.0988735919899875,1098.8735919899875,0.035169935002604236,0.9648231358831609,6.929114243228473e-06
20.0,1.1013767209011265,1101.3767209011264,0.03505986865959764,0.9649318872388134,8.244101597248912e-06
20.0,1.1038798498122653,1103.8798498122653,0.034950926131604866,0.965040219301544,8.85456685875461e-06
20.0,1.1063829787234043,1106.3829787234042,0.03484309594405488,0.9651483007975565,8.603258397037244e-06
20.0,1.1088861076345433,1108.8861076345434,0.0347363667396642,0.9652556751097207,7.95815062442191e-06
20.0,1.1113892365456821,1111.389236545682,0.0346307272771603,0.9653616497334571,7.622989393002384e-06
20.0,1.1138923654568211,1113.8923654568212,0.03452616642997181,0.9654659104433946,7.923126643502197e-06
20.0,1.11639549436796,1116.3954943679598,0.03442267318499392,0.9655688263078963,8.500507119348869e-06
20.0,1.118898623279099,1118.898623279099,0.0343202366414731,0.9656712302853091,8.533073226590901e-06
20.0,1.1214017521902377,1121.4017521902379,0.03421884601008922,0.9657733008318399,7.853158079571037e-06
20.0,1.1239048811013768,1123.9048811013768,0.03411849061190553,0.9658741380316864,7.371356416743151e-06
20.0,1.1264080100125158,1126.408010012516,0.03401915987695061,0.9659731948079963,7.645315061346814e-06
20.0,1.1289111389236546,1128.9111389236546,0.03392084334280028,0.966071759190517,7.397466690548664e-06
20.0,1.1314142678347936,1131.4142678347937,0.033823530654636606,0.9661673017906548,9.167554716880852e-06
20.0,1.1339173967459324,1133.9173967459324,0.033727211562168666,0.9662631579334928,9.630504346328441e-06
20.0,1.1364205256570714,1136.4205256570715,0.03363187592036542,0.9663597038869396,8.42019270296528e-06
20.0,1.1389236545682102,1138.9236545682102,0.03353751368826659,0.9664549422441221,7.544067619709871e-06
20.0,1.1414267834793492,1141.4267834793493,0.03344411492715185,0.9665482675109139,7.617561942496136e-06
20.0,1.1439299123904882,1143.9299123904882,0.03335166979961382,0.9666398835154053,8.446684988393135e-06
20.0,1.146433041301627,1146.433041301627,0.03326016856852237,0.9667308007307598,9.030700725131038e-06
20.0,1.148936170212766,1148.936170212766,0.03316960159641072,0.9668208309362474,9.567467348818162e-06
20.0,1.1514392991239049,1151.439299123905,0.033079959343758604,0.966912005844662,8.034811585741543e-06
20.0,1.1539424280350439,1153.9424280350438,0.032991232369285244,0.9670022559167857,6.511713935030644e-06
20.0,1.1564455569461827,1156.4455569461827,0.03290341132834457,0.9670883853467596,8.203324901520912e-06
20.0,1.1589486858573217,1158.9486858573216,0.03281648697015778,0.9671747520413349,8.760988512597518e-06
20.0,1.1614518147684607,1161.4518147684607,0.03273045013931174,0.9672612285934337,8.321267258808497e-06
20.0,1.1639549436795995,1163.9549436795994,0.03264529177393491,0.9673473885474672,7.3196786013845176e-06
20.0,1.1664580725907385,1166.4580725907385,0.03256100290480159,0.9674322204516901,6.776643511888822e-06
20.0,1.1689612015018773,1168.9612015018772,0.032477574654167736,0.9675151962361231,7.229109713688584e-06
20.0,1.1714643304130163,1171.4643304130163,0.03239499823477441,0.9675965713947733,8.430370457533353e-06
20.0,1.1739674593241551,1173.9674593241552,0.03231326494894768,0.967677260455422,9.4745956348786e-06
20.0,1.1764705882352942,1176.4705882352941,0.03223236618747425,0.967759851676158,7.782136372032616e-06
20.0,1.1789737171464332,1178.9737171464333,0.03215229343034962,0.9678405485272611,7.1580423934041455e-06
20.0,1.181476846057572,1181.476846057572,0.03207303824381062,0.9679192493668848,7.712389308055526e-06
20.0,1.183979974968711,1183.979974968711,0.03199459227992668,0.9679972121118462,8.195608230182295e-06
20.0,1.1864831038798498,1186.4831038798498,0.03191694727626204,0.9680744179241766,8.634799564726385e-06
20.0,1.1889862327909888,1188.9862327909889,0.031840095054575,0.9681516672507339,8.237694694975657e-06
20.0,1.1914893617021276,1191.4893617021276,0.031764027520411194,0.9682283664072802,7.606072312794701e-06
20.0,1.1939924906132666,1193.9924906132667,0.03168873666197213,0.9683038851571281,7.3781809050882325e-06
20.0,1.1964956195244056,1196.4956195244056,0.03161421454918067,0.9683779993193807,7.786131444166105e-06
20.0,1.1989987484355444,1198.9987484355445,0.031540453332818824,0.9684510192439426,8.527423244315033e-06
20.0,1.2015018773466835,1201.5018773466834,0.03146744524369314,0.9685238309002789,8.723856034138144e-06
20.0,1.2040050062578223,1204.0050062578223,0.03139518259233165,0.9685953856121938,9.43179547943974e-06
20.0,1.2065081351689613,1206.5081351689612,0.03132365776704966,0.9686681760678116,8.166165143091902e-06
20.0,1.2090112640801,1209.0112640801,0.031252863234913546,0.9687396386389212,7.498126168982129e-06
20.0,1.211514392991239,1211.514392991239,0.031182791539482908,0.9688092824980836,7.925962437590976e-06
20.0,1.214017521902378,1214.0175219023781,0.031113435300219757,0.9688777449238313,8.81977595234866e-06
20.0,1.216520650813517,1216.5206508135168,0.031044787211794878,0.968946382415686,8.830372522585033e-06
20.0,1.219023779724656,1219.023779724656,0.030976840043764064,0.9690151008261696,8.059130068963692e-06
20.0,1.2215269086357947,1221.5269086357948,0.030909586639715634,0.9690827976266065,7.615733680374779e-06
20.0,1.2240300375469337,1224.0300375469337,0.03084301991604727,0.969149648049326,7.33203462966657e-06
20.0,1.2265331664580725,1226.5331664580726,0.030777132861723632,0.9692146522728231,8.214865455990198e-06
20.0,1.2290362953692116,1229.0362953692115,0.03071191853696514,0.9692784240518458,9.657411192034426e-06
20.0,1.2315394242803506,1231.5394242803507,0.030647370072210724,0.9693446829066931,7.9470210989885e-06
20.0,1.2340425531914894,1234.0425531914893,0.030583480669586615,0.969409577829797,6.941500620201017e-06
20.0,1.2365456821026284,1236.5456821026285,0.030520243599880106,0.9694729384684397,6.8179316842373875e-06
20.0,1.2390488110137672,1239.0488110137671,0.03045765220256567,0.9695346948693017,7.652928135995033e-06
20.0,1.2415519399249062,1241.5519399249063,0.03039569988501423,0.9695953125890214,8.987525968311004e-06
20.0,1.244055068836045,1244.055068836045,0.030334380121745802,0.969656050530056,9.569348202333292e-06
20.0,1.246558197747184,1246.558197747184,0.0302736864539827,0.9697177902491451,8.523296876554674e-06
20.0,1.249061326658323,1249.061326658323,0.03021361248928778,0.9697794846075454,6.902903170687581e-06
20.0,1.2515644555694618,1251.5644555694619,0.030154151900857434,0.9698383217476048,7.526351541156242e-06
20.0,1.2540675844806008,1254.0675844806008,0.030095298425519983,0.9698962270128016,8.47456168166568e-06
20.0,1.2565707133917396,1256.5707133917397,0.030037045864198218,0.9699543986905066,8.555445299054177e-06
20.0,1.2590738423028787,1259.0738423028786,0.029979388081385006,0.9700126813099923,7.930608626763022e-06
20.0,1.2615769712140175,1261.5769712140175,0.029922319004362225,0.9700702233307511,7.4576648906093505e-06
20.0,1.2640801001251565,1264.0801001251564,0.029865832622318678,0.9701266570514836,7.510326200880037e-06
20.0,1.2665832290362955,1266.5832290362955,0.029809922985742716,0.9701819732728277,8.103741432732523e-06
20.0,1.2690863579474343,1269.0863579474344,0.029754584205771772,0.9702366378770215,8.777917208952026e-06
20.0,1.2715894868585733,1271.5894868585733,0.029699810453568162,0.9702916107169963,8.578829438032005e-06
20.0,1.2740926157697121,1274.0926157697122,0.029645595960013538,0.9703468438749342,7.56016505450559e-06
20.0,1.2765957446808511,1276.595744680851,0.02959193501525866,0.9704005152888207,7.549695923384251e-06
20.0,1.27909887359199,1279.09887359199,0.029538821967203293,0.9704535025008144,7.67553198462504e-06
20.0,1.281602002503129,1281.602002503129,0.029486251221718263,0.9705054023790128,8.346399271645198e-06
20.0,1.284105131414268,1284.105131414268,0.02943421724160155,0.9705567450473225,9.037711079032838e-06
20.0,1.2866082603254068,1286.6082603254067,0.02938271454604143,0.970608767922943,8.517531018792706e-06
20.0,1.2891113892365458,1289.1113892365458,0.02933173771065147,0.9706604352741516,7.827015199673517e-06
20.0,1.2916145181476846,1291.6145181476845,0.029281281366362773,0.9707110493882646,7.669245375574039e-06
20.0,1.2941176470588236,1294.1176470588236,0.02923134019879477,0.9707605607365318,8.09906467610412e-06
20.0,1.2966207759699624,1296.6207759699623,0.02918190894772582,0.9708094213876695,8.669664607984362e-06
20.0,1.2991239048811014,1299.1239048811015,0.02913298240653859,0.9708585862890604,8.431304405130163e-06
20.0,1.3016270337922404,1301.6270337922404,0.029084555422194177,0.9709069699226424,8.474655167168453e-06
20.0,1.3041301627033792,1304.1301627033793,0.02903662289377392,0.9709559037921774,7.473314052843179e-06
20.0,1.3066332916145182,1306.6332916145182,0.028989179773031115,0.971003833399424,6.986827549312614e-06
20.0,1.309136420525657,1309.136420525657,0.028942221063187012,0.9710495920818285,8.186854989198639e-06
20.0,1.311639549436796,1311.639549436796,0.028895741817910534,0.9710948064889058,9.45169318786266e-06
20.0,1.3141426783479349,1314.1426783479349,0.028849737141401596,0.9711409534253519,9.309433250489058e-06
20.0,1.3166458072590739,1316.6458072590738,0.028804202188218754,0.971187689526405,8.108285380283736e-06
20.0,1.319148936170213,1319.148936170213,0.028759132162658175,0.9712333889128932,7.478924453390776e-06
20.0,1.3216520650813517,1321.6520650813518,0.028714522317732895,0.9712776548803532,7.822801919249437e-06
20.0,1.3241551939924907,1324.1551939924907,0.028670367954734783,0.9713210171152981,8.614929973406208e-06
20.0,1.3266583229036295,1326.6583229036296,0.02862666442306058,0.9713633701186398,9.965458306510939e-06
20.0,1.3291614518147685,1329.1614518147685,0.02858340711875537,0.971408679365128,7.913516122699582e-06
20.0,1.3316645807259073,1331.6645807259074,0.028540591486688922,0.9714520235400593,7.384973256501803e-06
20.0,1.3341677096370463,1334.1677096370463,0.028498213017113878,0.9714940176842446,7.769298647073869e-06
20.0,1.3366708385481854,1336.6708385481854,0.028456267246326456,0.9715352827250484,8.450028631889776e-06
20.0,1.3391739674593242,1339.173967459324,0.028414749756205455,0.9715764001764682,8.850067332561296e-06
20.0,1.3416770963704632,1341.6770963704632,0.028373656173689525,0.9716181933375234,8.15048879390597e-06
20.0,1.344180225281602,1344.180225281602,0.028332982170695905,0.9716598789000228,7.1389292876070046e-06
20.0,1.346683354192741,1346.683354192741,0.028292723463387077,0.9717004184783653,6.858058252409673e-06
20.0,1.3491864831038798,1349.1864831038797,0.02825287581150287,0.9717395734846528,7.550703849262379e-06
20.0,1.3516896120150188,1351.6896120150188,0.028213435017914065,0.9717779044314805,8.660550610085538e-06
20.0,1.3541927409261578,1354.1927409261577,0.028174396928098443,0.97181716919087,8.433881035204341e-06
20.0,1.3566958698372966,1356.6958698372966,0.028135757430572072,0.9718560932339811,8.149335450525141e-06
20.0,1.3591989987484356,1359.1989987484355,0.028097512455555026,0.9718947566184202,7.730926029175142e-06
20.0,1.3617021276595744,1361.7021276595744,0.028059657974971102,0.9719325091116509,7.832913382458959e-06
20.0,1.3642052565707135,1364.2052565707133,0.02802219000172498,0.971969423753823,8.386244456249125e-06
20.0,1.3667083854818523,1366.7083854818522,0.02798510458930008,0.9720062098707051,8.685539998333616e-06
20.0,1.3692115143929913,1369.2115143929914,0.02794839783149284,0.9720434836679506,8.118500559370767e-06
20.0,1.3717146433041303,1371.7146433041303,0.027912065862277662,0.972080421813686,7.512324039490025e-06
20.0,1.374217772215269,1374.2177722152692,0.02787610485505326,0.9721164482796655,7.446865283379647e-06
20.0,1.376720901126408,1376.720901126408,0.027840511022186248,0.9721514949023897,7.994075425422498e-06
20.0,1.379224030037547,1379.224030037547,0.027805280614562423,0.9721862433220123,8.476063426416393e-06
20.0,1.381727158948686,1381.7271589486859,0.02777040992166987,0.9722197977760924,9.792302238362061e-06
20.0,1.3842302878598247,1384.2302878598248,0.02773589527008161,0.9722551704815496,8.934248370161304e-06
20.0,1.3867334167709637,1386.7334167709637,0.027701733024877013,0.9722904761367517,7.790838372120082e-06
20.0,1.3892365456821028,1389.2365456821028,0.027667919588106413,0.9723245440407545,7.5363711392780445e-06
20.0,1.3917396745932415,1391.7396745932415,0.027634451398324152,0.972357346994644,8.201607031622947e-06
20.0,1.3942428035043806,1394.2428035043806,0.027601324930283035,0.9723896616967682,9.013372947328e-06
20.0,1.3967459324155194,1396.7459324155193,0.027568536694618086,0.9724228015768651,8.661728514883497e-06
20.0,1.3992490613266584,1399.2490613266584,0.027536083238150606,0.9724553457153988,8.571046447600862e-06
20.0,1.4017521902377972,1401.752190237797,0.0275039611424007,0.9724886122121233,7.426645472476849e-06
20.0,1.4042553191489362,1404.2553191489362,0.027472167024428604,0.9725208066653315,7.026310238034652e-06
20.0,1.4067584480600752,1406.7584480600751,0.027440697535748435,0.9725505772562925,8.725207957691598e-06
20.0,1.409261576971214,1409.261576971214,0.027409549361005717,0.9725817367166917,8.713922301722306e-06
20.0,1.411764705882353,1411.764705882353,0.0273787192196013,0.972613655423338,7.6253570597907045e-06
20.0,1.4142678347934918,1414.2678347934918,0.02734820386459372,0.9726449221979435,6.873937461789152e-06
20.0,1.4167709637046308,1416.770963704631,0.027318000082018786,0.9726749935105025,7.006407478913494e-06
20.0,1.4192740926157696,1419.2740926157696,0.027288104690623937,0.9727038379825488,8.057326826490578e-06
20.0,1.4217772215269087,1421.7772215269088,0.027258514541481527,0.9727321879769509,9.297481566272998e-06
20.0,1.4242803504380477,1424.2803504380477,0.027229226517680182,0.9727614272608535,9.346221465505656e-06
20.0,1.4267834793491865,1426.7834793491866,0.027200237534232542,0.9727924422247608,7.320241006265229e-06
20.0,1.4292866082603255,1429.2866082603255,0.027171544538640256,0.9728212883207321,7.167140626525944e-06
20.0,1.4317897371714643,1431.7897371714644,0.027143144508599733,0.9728487958087662,8.059682633394539e-06
20.0,1.4342928660826033,1434.2928660826033,0.027115034452544557,0.9728763783123616,8.587235092562143e-06
20.0,1.436795994993742,1436.7959949937422,0.027087211409675578,0.9729043526635045,8.435926817511978e-06
20.0,1.4392991239048811,1439.299123904881,0.02705967244952969,0.9729325198290795,7.807721388179955e-06
20.0,1.4418022528160201,1441.8022528160202,0.027032414671672174,0.972960159898056,7.425430270441711e-06
20.0,1.444305381727159,1444.3053817271589,0.027005435205207748,0.972986925299524,7.639495267588428e-06
20.0,1.446808510638298,1446.808510638298,0.02697873120845961,0.9730129317128607,8.337078678211161e-06
20.0,1.4493116395494368,1449.3116395494367,0.02695229986866049,0.973038804923002,8.895208336167996e-06
20.0,1.4518147684605758,1451.8147684605758,0.026926138401689066,0.973065521460067,8.340138242617467e-06
20.0,1.4543178973717146,1454.3178973717145,0.02690024405244416,0.9730911585312807,8.597416274162609e-06
20.0,1.4568210262828536,1456.8210262828536,0.026874614093160897,0.9731176806873503,7.70521948757725e-06
20.0,1.4593241551939926,1459.3241551939925,0.026849245824750817,0.9731430148836141,7.739291633297784e-06
20.0,1.4618272841051314,1461.8272841051314,0.026824136575240385,0.9731672700671102,8.593357645893287e-06
20.0,1.4643304130162704,1464.3304130162705,0.02679928369970685,0.9731916789498559,9.037350433205606e-06
20.0,1.4668335419274092,1466.8335419274092,0.026774684580330135,0.973216988502119,8.326917547992502e-06
20.0,1.4693366708385482,1469.3366708385483,0.026750336626430744,0.9732419331268607,7.730246705577707e-06
20.0,1.471839799749687,1471.839799749687,0.026726237273624526,0.9732660219363415,7.740790031469754e-06
20.0,1.474342928660826,1474.3429286608261,0.026702383983598182,0.9732893157029647,8.300313434441149e-06
20.0,1.476846057571965,1476.846057571965,0.02667877424389715,0.9733121593125375,9.066443562766733e-06
20.0,1.4793491864831039,1479.349186483104,0.026655405567791193,0.9733345465729327,1.0047859273727821e-05
20.0,1.481852315394243,1481.8523153942429,0.02663227549310911,0.9733605195945384,7.204912350403854e-06
20.0,1.4843554443053817,1484.3554443053818,0.026609381584911402,0.9733838915028447,6.726912241603178e-06
20.0,1.4868585732165207,1486.8585732165207,0.026586721431600787,0.973405937603842,7.340964554426611e-06
20.0,1.4893617021276595,1489.3617021276596,0.026564292646371793,0.9734270986662887,8.608687336059728e-06
20.0,1.4918648310387985,1491.8648310387985,0.02654209286669231,0.973448282562726,9.624570577971861e-06
20.0,1.4943679599499375,1494.3679599499376,0.026520119754042098,0.9734709256232019,8.954622751925243e-06
20.0,1.4968710888610763,1496.8710888610763,0.02649837099432473,0.9734937866386939,7.842366978011132e-06
20.0,1.4993742177722154,1499.3742177722154,0.026476844296888204,0.9735165299072149,6.62579589338045e-06
20.0,1.5018773466833542,1501.877346683354,0.026455537394843735,0.9735369977174649,7.464887687257818e-06
20.0,1.5043804755944932,1504.3804755944932,0.026434448043748025,0.9735564641809215,9.087775326723931e-06
20.0,1.5068836045056322,1506.883604505632,0.026413574021648116,0.9735782658733345,8.160105012728166e-06
20.0,1.509386733416771,1509.386733416771,0.02639291313055152,0.9735995033502989,7.58351914532392e-06
20.0,1.51188986232791,1511.88986232791,0.026372463194343065,0.9736200579681544,7.478837497868983e-06
20.0,1.5143929912390488,1514.3929912390488,0.026352222059116505,0.97363986078324,7.917157638150462e-06
20.0,1.5168961201501878,1516.896120150188,0.02633218759288922,0.9736591771826363,8.635224470354091e-06
20.0,1.5193992490613266,1519.3992490613266,0.026312357685329295,0.9736788420327686,8.800281897048777e-06
20.0,1.5219023779724656,1521.9023779724657,0.026292730247715612,0.9736993725582834,7.897193996477822e-06
20.0,1.5244055068836047,1524.4055068836046,0.026273303212984343,0.9737196694504491,7.0273365613369366e-06
20.0,1.5269086357947435,1526.9086357947435,0.026254074535268648,0.973738199454126,7.72601059976317e-06
20.0,1.5294117647058825,1529.4117647058824,0.026235042188930663,0.97375665874116,8.299069904976572e-06
20.0,1.5319148936170213,1531.9148936170213,0.02621620416939213,0.9737748897989167,8.906031687763921e-06
20.0,1.5344180225281603,1534.4180225281602,0.026197558492354646,0.9737936499027838,8.791604858878974e-06
20.0,1.536921151439299,1536.9211514392991,0.026179103193949605,0.9738128637813471,8.033024700790125e-06
20.0,1.539424280350438,1539.424280350438,0.026160836330561002,0.9738314786359566,7.685033479889942e-06
20.0,1.5419274092615771,1541.9274092615772,0.026142755978245547,0.9738492915150432,7.952506709210772e-06
20.0,1.544430538172716,1544.4305381727158,0.02612486023260407,0.9738665885629986,8.551204395099687e-06
20.0,1.546933667083855,1546.933667083855,0.026107147208562713,0.9738842338509902,8.618940445152501e-06
20.0,1.5494367959949937,1549.4367959949936,0.02608961504042872,0.9739024304631235,7.954496446094984e-06
20.0,1.5519399249061328,1551.9399249061328,0.026072261881882983,0.9739198006757914,7.9374423243332e-06
20.0,1.5544430538172715,1554.4430538172714,0.02605508590484325,0.9739379737331997,6.940361955609781e-06
20.0,1.5569461827284106,1556.9461827284106,0.026038085300734603,0.9739544625447596,7.4521545047098624e-06
20.0,1.5594493116395496,1559.4493116395495,0.026021258278880244,0.9739695713285075,9.170392611984814e-06
20.0,1.5619524405506884,1561.9524405506884,0.026004603066442252,0.9739857660679411,9.630865615569726e-06
20.0,1.5644555694618274,1564.4555694618275,0.025988117909119184,0.9740033681969537,8.513893925204148e-06
20.0,1.5669586983729662,1566.9586983729662,0.025971801070954193,0.9740205895965957,7.609332448673372e-06
20.0,1.5694618272841052,1569.4618272841053,0.0259556508335009,0.9740367036223958,7.645544101590711e-06
20.0,1.571964956195244,1571.964956195244,0.025939665495679783,0.974051862846835,8.471657484226465e-06
20.0,1.574468085106383,1574.4680851063831,0.025923843373740534,0.9740664106107755,9.746015482614268e-06
20.0,1.576971214017522,1576.971214017522,0.025908182800815843,0.9740821894388331,9.627760349946262e-06
20.0,1.5794743429286608,1579.474342928661,0.025892682127209944,0.9741002813564635,7.03651632458154e-06
20.0,1.5819774718397999,1581.9774718397998,0.025877339721442502,0.9741150799257575,7.580352797424918e-06
20.0,1.5844806007509387,1584.4806007509387,0.02586215396693113,0.9741296054364319,8.240596634034067e-06
20.0,1.5869837296620777,1586.9837296620776,0.025847123264171712,0.9741440599867399,8.816749085469716e-06
20.0,1.5894868585732165,1589.4868585732165,0.025832246029860936,0.9741592808064871,8.473163648198764e-06
20.0,1.5919899874843555,1591.9899874843554,0.02581752069707419,0.9741750605221657,7.418780756047248e-06
20.0,1.5944931163954945,1594.4931163954946,0.025802945715088215,0.9741902078616163,6.846423291888144e-06
20.0,1.5969962453066333,1596.9962453066332,0.025788519548872065,0.9742042310181127,7.249433011493835e-06
20.0,1.5994993742177723,1599.4993742177724,0.02577424067892824,0.9742173232898593,8.436031208203543e-06
20.0,1.6020025031289111,1602.002503128911,0.025760107600947046,0.9742312678610081,8.62453804083534e-06
20.0,1.6045056320400501,1604.5056320400502,0.025746118826353404,0.9742460028110003,7.878362642679806e-06
20.0,1.607008760951189,1607.0087609511888,0.025732272882087223,0.9742599274498304,7.799668078856408e-06
20.0,1.609511889862328,1609.511889862328,0.02571856830967624,0.9742736611880619,7.770502256906341e-06
20.0,1.612015018773467,1612.015018773467,0.025705003665756128,0.9742867638635069,8.232470733022086e-06
20.0,1.6145181476846058,1614.5181476846058,0.02569157752150848,0.974299731219316,8.691259171318958e-06
20.0,1.6170212765957448,1617.021276595745,0.02567828846263836,0.974313371608652,8.33992870490619e-06
20.0,1.6195244055068836,1619.5244055068836,0.02566513508955748,0.9743271886685396,7.676241898605839e-06
20.0,1.6220275344180226,1622.0275344180227,0.02565211601701487,0.9743404623078922,7.4216750892981575e-06
20.0,1.6245306633291614,1624.5306633291614,0.025639229873801146,0.9743529777937096,7.792332484735869e-06
20.0,1.6270337922403004,1627.0337922403005,0.02562647530260158,0.9743650380905781,8.486606815919024e-06
20.0,1.6295369211514394,1629.5369211514394,0.025613850960031572,0.9743765952105358,9.553829429293553e-06
20.0,1.6320400500625782,1632.0400500625783,0.025601355516102774,0.9743891603294872,9.484154407186445e-06
20.0,1.6345431789737173,1634.5431789737172,0.025588987654685258,0.9744028722012162,8.140144096152894e-06
20.0,1.637046307884856,1637.046307884856,0.025576746073527536,0.9744157236960045,7.5302304654349194e-06
20.0,1.639549436795995,1639.549436795995,0.025564629483328022,0.9744274154530863,7.955063583099634e-06
20.0,1.6420525657071339,1642.052565707134,0.025552636607769994,0.9744385249438509,8.838448375644048e-06
20.0,1.644555694618273,1644.5556946182728,0.025540766183425163,0.9744503207759273,8.913040644124999e-06
20.0,1.647058823529412,1647.058823529412,0.025529016960011475,0.9744628599055808,8.12313440486385e-06
20.0,1.6495619524405507,1649.5619524405506,0.025517387700267978,0.9744749555086063,7.656791122880165e-06
20.0,1.6520650813516897,1652.0650813516897,0.02550587717929352,0.9744867623385682,7.3604821355503226e-06
20.0,1.6545682102628285,1654.5682102628284,0.025494484184888366,0.9744974856883366,8.030126772530918e-06
20.0,1.6570713391739675,1657.0713391739675,0.02548320751690429,0.9745079233514001,8.869131694124841e-06
20.0,1.6595744680851063,1659.5744680851064,0.02547204598723216,0.9745199113914436,8.0426213239576e-06
20.0,1.6620775969962454,1662.0775969962453,0.025460998420568978,0.9745319793370822,7.0222423471901825e-06
20.0,1.6645807259073844,1664.5807259073845,0.02545006365352705,0.974543085537514,6.850808957455241e-06
20.0,1.6670838548185232,1667.0838548185232,0.02543924053441553,0.9745530837465871,7.675718995781947e-06
20.0,1.6695869837296622,1669.5869837296623,0.025428527923166414,0.9745624933504891,8.978726342257608e-06
20.0,1.672090112640801,1672.090112640801,0.02541792469122016,0.97457247107616,9.604232618016251e-06
20.0,1.67459324155194,1674.59324155194,0.025407429721533252,0.974584195542074,8.374736391877751e-06
20.0,1.6770963704630788,1677.0963704630788,0.025397041909052738,0.9745959847203485,6.973370596852375e-06
20.0,1.6795994993742178,1679.5994993742179,0.02538676016010269,0.9746057142502024,7.525589692583312e-06
20.0,1.6821026282853568,1682.1026282853568,0.02537658339142169,0.9746149460995784,8.470508997739743e-06
20.0,1.6846057571964956,1684.6057571964957,0.025366510530875724,0.9746248998543229,8.589614800373687e-06
20.0,1.6871088861076347,1687.1088861076346,0.025356540517548945,0.9746354615353617,7.997947088753681e-06
20.0,1.6896120150187734,1689.6120150187735,0.02534667230149971,0.974645827428725,7.500269775424399e-06
20.0,1.6921151439299125,1692.1151439299124,0.025336904843431377,0.9746555684798119,7.526676755873583e-06
20.0,1.6946182728410513,1694.6182728410513,0.025327237114580896,0.9746646396699543,8.12321546481852e-06
20.0,1.6971214017521903,1697.1214017521902,0.025317668096579718,0.9746735301699008,8.80173351968712e-06
20.0,1.6996245306633293,1699.6245306633293,0.025308196781372583,0.9746831357322796,8.6674863470902e-06
20.0,1.702127659574468,1702.127659574468,0.025298822171414857,0.9746932811464536,7.896682131084463e-06
20.0,1.7046307884856071,1704.6307884856071,0.025289543279535413,0.9747028766984134,7.5800220509084805e-06
20.0,1.707133917396746,1707.1339173967458,0.025280359128414174,0.974711955491212,7.685380373865914e-06
20.0,1.709637046307885,1709.637046307885,0.025271268750737052,0.9747204176413486,8.313607914281365e-06
20.0,1.7121401752190237,1712.1401752190238,0.0252622711889626,0.9747286705506478,9.058260389824393e-06
20.0,1.7146433041301627,1714.6433041301627,0.025253365495132983,0.9747380585142681,8.575990599796978e-06
20.0,1.7171464330413018,1717.1464330413019,0.025244550731450845,0.9747475671986813,7.8820698686427e-06
20.0,1.7196495619524406,1719.6495619524405,0.02523582596963323,0.9747564888199663,7.685210399926489e-06
20.0,1.7221526908635796,1722.1526908635797,0.025227190290758508,0.9747646919530569,8.117756184064512e-06
20.0,1.7246558197747184,1724.6558197747183,0.025218642785161074,0.974772661287846,8.695926992501783e-06
20.0,1.7271589486858574,1727.1589486858575,0.025210182552561286,0.9747804007475882,9.416699849545238e-06
20.0,1.7296620775969962,1729.6620775969961,0.0252018087016507,0.9747889896658968,9.201632452051827e-06
20.0,1.7321652065081352,1732.1652065081353,0.0251935203503322,0.9747989566111401,7.523038527230081e-06
20.0,1.7346683354192742,1734.6683354192742,0.02518531662616042,0.9748076833596026,7.000014236883142e-06
20.0,1.737171464330413,1737.171464330413,0.025177196665182335,0.9748146022346212,8.20110019707524e-06
20.0,1.739674593241552,1739.674593241552,0.025169159611805943,0.9748213923423515,9.448045843935405e-06
20.0,1.7421777221526908,1742.1777221526909,0.025161204619230732,0.9748294447154136,9.350665355464997e-06
20.0,1.7446808510638299,1744.6808510638298,0.02515333084963838,0.9748385002548129,8.168895548856827e-06
20.0,1.7471839799749687,1747.1839799749687,0.025145537474041194,0.9748469567226168,7.505803342364679e-06
20.0,1.7496871088861077,1749.6871088861076,0.02513782367152397,0.9748551365831029,7.039745373421188e-06
20.0,1.7521902377972467,1752.1902377972467,0.025130188629993576,0.9748612146998327,8.596670173379502e-06
20.0,1.7546933667083855,1754.6933667083854,0.025122631544659487,0.9748682018269381,9.166628401800347e-06
20.0,1.7571964956195245,1757.1964956195245,0.02511515161934708,0.9748771357325213,7.712648131015456e-06
20.0,1.7596996245306633,1759.6996245306634,0.025107748066873794,0.9748848424793879,7.409453736996009e-06
20.0,1.7622027534418023,1762.2027534418023,0.02510042010734753,0.9748918174658292,7.762426821713757e-06
20.0,1.7647058823529411,1764.7058823529412,0.0250931669688708,0.9748983970872083,8.435943919496922e-06
20.0,1.7672090112640801,1767.2090112640801,0.0250859878873835,0.9749051281423676,8.883970247025209e-06
20.0,1.7697121401752192,1769.7121401752192,0.02507888210655569,0.9749128989719695,8.218921472842271e-06
20.0,1.772215269086358,1772.215269086358,0.02507184887812163,0.974920923669311,7.227452565193634e-06
20.0,1.774718397997497,1774.718397997497,0.02506488746149727,0.9749282215424009,6.890996099529612e-06
20.0,1.7772215269086358,1777.2215269086357,0.02505799712364702,0.9749338867076991,8.116168652282554e-06
20.0,1.7797246558197748,1779.7246558197749,0.025051177138379014,0.9749401422023514,8.680659268248452e-06
20.0,1.7822277847309136,1782.2277847309135,0.025044426787437516,0.9749466498484003,8.923364160911796e-06
20.0,1.7847309136420526,1784.7309136420527,0.025037745359713467,0.9749539846856922,8.269954593096874e-06
20.0,1.7872340425531916,1787.2340425531916,0.025031132151687764,0.9749611130245459,7.754823765152004e-06
20.0,1.7897371714643304,1789.7371714643305,0.02502458646690712,0.974967582325995,7.831207096112828e-06
20.0,1.7922403003754694,1792.2403003754694,0.025018107615912864,0.9749735125443405,8.379839744975053e-06
20.0,1.7947434292866082,1794.7434292866083,0.025011694916171754,0.9749795777890293,8.727294797722129e-06
20.0,1.7972465581977473,1797.2465581977472,0.025005347692112132,0.9749864809587314,8.171349155709533e-06
20.0,1.799749687108886,1799.749687108886,0.024999065275376823,0.974993375947635,7.558776987463352e-06
20.0,1.802252816020025,1802.252816020025,0.024992847004427558,0.974999450515829,7.702479744034566e-06
20.0,1.804755944931164,1804.755944931164,0.024986692224010384,0.9750061911035199,7.1166724704803755e-06
20.0,1.8072590738423029,1807.259073842303,0.024980600286409693,0.9750109391752886,8.460538301855848e-06
20.0,1.809762202753442,1809.762202753442,0.024974570549577354,0.9750156695512755,9.759899146984996e-06
20.0,1.8122653316645807,1812.2653316645808,0.02496860237799241,0.9750224752626204,8.922359386399294e-06
20.0,1.8147684605757197,1814.7684605757197,0.024962695143432204,0.9750294863244857,7.818532081387294e-06
20.0,1.8172715894868585,1817.2715894868586,0.024956848223932935,0.975035609345645,7.542430421259174e-06
20.0,1.8197747183979975,1819.7747183979975,0.024951061003676302,0.9750407595829682,8.179413354662233e-06
20.0,1.8222778473091366,1822.2778473091366,0.02494533287296964,0.9750456430954689,9.02403155975087e-06
20.0,1.8247809762202754,1824.7809762202753,0.024939663228207246,0.9750516314215157,8.705350275472405e-06
20.0,1.8272841051314144,1827.2841051314144,0.02493405147251151,0.9750573305689291,8.617958557680778e-06
20.0,1.8297872340425532,1829.787234042553,0.02492849701436517,0.9750649347362101,6.568249424302171e-06
20.0,1.8322903629536922,1832.2903629536922,0.02492299926985858,0.9750689804217694,8.02030837205535e-06
20.0,1.834793491864831,1834.793491864831,0.024917557659061843,0.9750737119884411,8.730352497318341e-06
20.0,1.83729662077597,1837.29662077597,0.024912171608825955,0.97507914441732,8.683973853968068e-06
20.0,1.839799749687109,1839.799749687109,0.024906840551826345,0.9750854273902858,7.732057888711313e-06
20.0,1.8423028785982478,1842.3028785982478,0.0249015639267743,0.9750915239836685,6.91208955706017e-06
20.0,1.8448060075093868,1844.8060075093867,0.024896341178063674,0.9750966441134095,7.014708526016338e-06
20.0,1.8473091364205256,1847.3091364205256,0.024891171755596533,0.9751008070149229,8.021229480321515e-06
20.0,1.8498122653316647,1849.8122653316645,0.02488605511476261,0.97510466039839,9.284486847633859e-06
20.0,1.8523153942428034,1852.3153942428034,0.024880990716350554,0.9751096333095163,9.37597413355571e-06
20.0,1.8548185231539425,1854.8185231539426,0.0248759780267561,0.9751166451923705,7.376780874417412e-06
20.0,1.8573216520650815,1857.3216520650815,0.024871016518918654,0.9751212722359377,7.71124514422664e-06
20.0,1.8598247809762203,1859.8247809762204,0.02486610566978485,0.9751258277833961,8.066546819312956e-06
20.0,1.8623279098873593,1862.3279098873593,0.02486124496214409,0.97513015580586,8.599231995847238e-06
20.0,1.864831038798498,1864.8310387984982,0.024856433883872677,0.9751350469918009,8.519124326472932e-06
20.0,1.8673341677096371,1867.334167709637,0.02485167192824367,0.9751404663727395,7.86169901654299e-06
20.0,1.869837296620776,1869.837296620776,0.02484695859386454,0.9751455977616122,7.443644522731972e-06
20.0,1.872340425531915,1872.340425531915,0.02484229338437115,0.9751500764020147,7.630213614792702e-06
20.0,1.874843554443054,1874.843554443054,0.024837675808371252,0.9751540092635941,8.314928035954847e-06
20.0,1.8773466833541927,1877.3466833541927,0.024833105379371005,0.9751580814246819,8.813195947854193e-06
20.0,1.8798498122653318,1879.8498122653318,0.024828581615830216,0.9751630371864777,8.381197692223413e-06
20.0,1.8823529411764706,1882.3529411764705,0.02482410404160808,0.9751672626599005,8.633298490471916e-06
20.0,1.8848560700876096,1884.8560700876096,0.024819672184700405,0.9751726906448664,7.637170430994748e-06
20.0,1.8873591989987484,1887.3591989987483,0.024815285578796642,0.9751769768336966,7.737587504321458e-06
20.0,1.8898623279098874,1889.8623279098874,0.0248109437617989,0.97518047159546,8.584642739245715e-06
20.0,1.8923654568210264,1892.3654568210263,0.02480664627617282,0.9751842750675837,9.0786562424666e-06
20.0,1.8948685857321652,1894.8685857321652,0.02480239266910566,0.9751892328894278,8.37444146459496e-06
20.0,1.8973717146433042,1897.3717146433041,0.024798182492841624,0.975194069693414,7.747813742648362e-06
20.0,1.899874843554443,1899.874843554443,0.024794015304047737,0.9751982492551231,7.735440827525407e-06
20.0,1.902377972465582,1902.377972465582,0.024789890663709322,0.9752022546263063,7.854709983019856e-06
20.0,1.9048811013767208,1904.8811013767208,0.024785808137621,0.9752049727051157,9.219157260544696e-06
20.0,1.9073842302878599,1907.38423028786,0.024781767295417877,0.9752081889044588,1.0043800121342029e-05
20.0,1.9098873591989989,1909.8873591989989,0.02477776771086725,0.9752149460839872,7.286205143489697e-06
20.0,1.9123904881101377,1912.3904881101378,0.024773808963906924,0.9752194007225458,6.790313545496132e-06
20.0,1.9148936170212767,1914.8936170212767,0.024769890637321424,0.9752227919045682,7.317458109096908e-06
20.0,1.9173967459324155,1917.3967459324156,0.02476601231834908,0.9752254018238059,8.58585784417563e-06
20.0,1.9198998748435545,1919.8998748435545,0.024762173598295655,0.9752282264233568,9.599978346300509e-06
20.0,1.9224030037546935,1922.4030037546936,0.02475837407256161,0.9752326314091603,8.994518277426644e-06
20.0,1.9249061326658323,1924.9061326658323,0.02475461334106775,0.9752380732834736,7.313375458558201e-06
20.0,1.9274092615769713,1927.4092615769714,0.02475089100814197,0.975242445825487,6.663166371238409e-06
20.0,1.9299123904881101,1929.91239048811,0.024747206681952235,0.9752446373171275,8.15600092146103e-06
20.0,1.9324155193992492,1932.4155193992492,0.02474355997380145,0.9752477634513046,8.676574894342119e-06
20.0,1.934918648310388,1934.9186483103879,0.024739950499589287,0.9752518499976505,8.199502760341035e-06
20.0,1.937421777221527,1937.421777221527,0.02473637787932561,0.9752560047394432,7.617381231821963e-06
20.0,1.939924906132666,1939.924906132666,0.024732841736827778,0.97525969733217,7.460931001945499e-06
20.0,1.9424280350438048,1942.4280350438048,0.024729341699681846,0.9752627543673509,7.90393296747805e-06
20.0,1.9449311639549438,1944.9311639549437,0.02472587739917635,0.9752654910574603,8.631543363741416e-06
20.0,1.9474342928660826,1947.4342928660826,0.024722448470266452,0.9752686967689217,8.854760812106529e-06
20.0,1.9499374217772216,1949.9374217772215,0.024719054551670575,0.9752729779507434,7.967497587266622e-06
20.0,1.9524405506883604,1952.4405506883604,0.02471569528625949,0.9752766771317963,7.627581945225032e-06
20.0,1.9549436795994994,1954.9436795994995,0.024712370320189057,0.9752799134177672,7.71626204482567e-06
20.0,1.9574468085106385,1957.4468085106384,0.02470907930322134,0.9752828366099832,8.084086796861691e-06
20.0,1.9599499374217773,1959.9499374217773,0.02470582188876336,0.9752852604560538,8.917655184985363e-06
20.0,1.9624530663329163,1962.4530663329163,0.02470259773343633,0.9752885807632728,8.821503294576278e-06
20.0,1.964956195244055,1964.9561952440552,0.024699406497706994,0.9752925258333565,8.067668939827614e-06
20.0,1.967459324155194,1967.459324155194,0.02469624784566572,0.9752960629136737,7.68924066429903e-06
20.0,1.9699624530663329,1969.962453066333,0.02469312144467499,0.9752989376566163,7.94089871287075e-06
20.0,1.972465581977472,1972.4655819774719,0.024690026965386004,0.9753014223760352,8.550658583371582e-06
20.0,1.974968710888611,1974.968710888611,0.02468696408169485,0.9753043600167893,8.675901520603855e-06
20.0,1.9774718397997497,1977.4718397997497,0.024683932471110927,0.975307204286562,8.863242331656077e-06
20.0,1.9799749687108887,1979.9749687108888,0.024680931814099034,0.9753110566844014,8.011501504701575e-06
20.0,1.9824780976220275,1982.4780976220275,0.024677961794784743,0.9753150686575569,6.969547663305194e-06
20.0,1.9849812265331666,1984.9812265331666,0.0246750221007549,0.9753172502203464,7.72767890374672e-06
20.0,1.9874843554443054,1987.4843554443053,0.02467211242214504,0.975318754269431,9.133308429168929e-06
20.0,1.9899874843554444,1989.9874843554444,0.02466923245217099,0.9753211287566298,9.638791204556272e-06
20.0,1.9924906132665834,1992.4906132665833,0.024666381887353053,0.9753250677142729,8.550398379233239e-06
20.0,1.9949937421777222,1994.9937421777222,0.024663560427812543,0.9753288115146489,7.6280575433002864e-06
20.0,1.9974968710888612,1997.496871088861,0.02466076777653217,0.975331594595348,7.637628123830362e-06
20.0,2.0,2000.0,0.024658003639315338,0.9753336918319692,8.304528719724048e-06
